a_cappella,a_cappella,acapella
acid_house,acid_house,acidhouse
adult_standards,adult_contemporary_music,adultcontemporary
afrobeat,afrobeat,afro-beat
alternative_country,alternative_country,alt-country
alternative_dance,alternative_dance,alternativedance
alternative_hip_hop,alternative_hip_hop,alternativehip-hop
alternative_metal,alternative_metal,alternativemetal
alternative_r&b,alternative_R&B,alternativer&b
alternative_rock,alternative_rock,alternative
ambient,ambient_music,ambient
anarcho-punk,anarcho-punk,anarcho
art_rock,art_rock,art-rock
avant-garde,avant-garde_music,avant-garde
avant-garde_jazz,avant-garde_jazz,avant-gardejazz
avantgarde_metal,avant-garde_metal,avant-gardemetal
bachata,bachata,bachata
bass_music,Bass_music,bass
bebop,bebop,bebop
bhangra,Bhangra,bhangra
big_beat,big_beat,bigbeat
black_metal,black_metal,blackmetal
bluegrass,bluegrass_music,bluegrass
blues,blues,blues
blues-rock,blues_rock,blues-rock
bossa_nova,bossa_nova,bossanova
breakbeat,breakbeat,breakbeat
british_blues,British_blues,britishblues
britpop,Britpop,britpop
brutal_death_metal,brutal_death_metal,brutal
bubblegum_pop,bubblegum_pop,bubblegum
cabaret,cabaret,cabaret
celtic,Celtic_music,celtic
celtic_punk,Celtic_punk,celticpunk
celtic_rock,Celtic_rock,celticrock
chamber_pop,chamber_pop,chamberpop
chanson,chanson,chanson
chicago_soul,Chicago_soul,chicagosoul
chill-out,Chill-out_music,chill
chiptune,chiptune,chiptune
choral,choral_music,choral
christian_hip_hop,Christian_hip_hop,christianhip-hop
christian_metal,Christian_metal,christianmetal
christian_music,Christian_music,christian
christian_punk,Christian_punk,christianpunk
christian_rock,Christian_rock,christianrock
christmas,Christmas_music,christmasmusic
classical,classical_music,classical
comedy,comedy_music,comedyrock
composition_d,musical_composition,classicalcomposer
contemporary_folk,contemporary_folk_music,contemporaryfolk
country,country_music,country
country_rock,country_rock,country-rock
cowpunk,Cowpunk,cowpunk
crossover_thrash,crossover_thrash,crossoverthrash
crust_punk,crust_punk,crustpunk
dance_pop,dance-pop,dance-pop
dance-punk,dance-punk,dance-punk
dancehall,dancehall,dancehall
dansband,dansband,dansband
dark_ambient,dark_ambient,darkambient
dark_wave,dark_wave,darkwave
death_core,deathcore,deathcore
death_metal,death_metal,deathmetal
depressive_black_metal,Depressive_Suicidal_Black_Metal,depressiveblackmetal
digital_hardcore,digital_hardcore,digitalhardcore
dirty_south_rap,Dirty_rap,dirtyrap
disco,disco,disco
djent,Djent,dj
doo-wop,doo-wop,doo-wop
doom_metal,doom_metal,doom
downtempo,downtempo,down-tempo
dream_pop,dream_pop,dreampop
drone,drone_music,drone
drone_metal,drone_metal,dronemetal
drum_and_bass,drum_and_bass,drumandbass
dub,dub,dub
dubstep,dubstep,dubstep
early_music,Early_Baroque_music,earlymusic
east_coast_hip_hop,East_Coast_hip_hop,eastcoasthip-hop
easy_listening,easy_listening,easylistening
ebm,electronic_body_music,ebm
edm,electronic_dance_music,edm
electric_blues,electric_blues,electricblues
electro,electro,electro
electro_house,electro_house,electrohouse
electro-industrial,electro-industrial,electro-industrial
electroclash,electroclash,electroclash
electronic,electronic_music,electronic
electronica,electronica,electronica
emo,emo,emo
eurodance,Eurodance,euro-dance
europop,Europop,euro-pop
experimental,experimental_music,experimental
experimental_rock,experimental_rock,experimentalrock
flamenco,flamenco,flamenco
folk,folk_music,folk
folk_metal,folk_metal,folkmetal
folk_punk,folk_punk,folkpunk
folk_rock,folk_rock,folk-rock
free_jazz,free_jazz,freejazz
funeral_doom,Funeral_Doom,funeralblack-doommetal
funk,funk,funk
funk_metal,funk_metal,funkmetal
funk_rock,funk_rock,funk-rock
futurepop,futurepop,futurepop
g_funk,g-funk,g-funk
gangster_rap,Gangsta_rap,gangstarap
garage_rock,garage_rock,garagerock
glam_metal,glam_metal,glammetal
glam_rock,glam_rock,glam
glitch,glitch,glitch
gospel,gospel_music,gospel
gothic_metal,gothic_metal,gothicmetal
gothic_rock,gothic_rock,goth
grime,Grime,grime
grindcore,grindcore,grindcore
groove_metal,groove_metal,groovemetal
grunge,grunge,grunge
happy_hardcore,happy_hardcore,happyhardcore
hard_bop,hard_bop,hard-bop
hard_rock,hard_rock,hardrock
hardcore_hip_hop,Hardcore_hip_hop,hardcorehip-hop
hardcore_punk,hardcore_punk,hardcorepunk
hardstyle,hardstyle,hardstyle
hi_nrg,Hi-NRG,hi-nrg
hip_hop,hip_hop,hip-hop
hip_house,hip_house,hiphouse
horror_punk,horror_punk,horrorpunk
house,house_music,house
indie_folk,indie_folk,indie-folk
indie_pop,indie_pop,indie-pop
indie_rock,indie_rock,indie
indietronica,indietronica,indietronica
industrial,industrial_music,industrial
industrial_metal,industrial_metal,industrialmetal
industrial_rock,Industrial_rock,industrialrock
intelligent_dance_music,intelligent_dance_music,idm
italian_disco,Italo_disco,italo-disco
j-pop,J-pop,j-pop
j-rock,J-Rock,j-rock
jangle_pop,jangle_pop,janglepop
jazz,jazz,jazz
jazz_blues,Jazz_blues,jazzandblues
jazz_funk,jazz-funk,jazz-funk
jazz_fusion,jazz_fusion,jazz-fusion
jump_blues,jump_blues,jump-blues
k-pop,K-pop,k-pop
kraut_rock,Krautrock,krautrock
latin,Latin_music,latin
latin_jazz,Latin_jazz,latinjazz
latin_pop,Latin_pop,latinpop
liquid_funk,liquid_funk,liquidfunk
lo-fi,lo-fi_music,lo-fi
madchester,Madchester,madchester
mariachi,Mariachi,mariachi
math_rock,math_rock,mathrock
melodic_death_metal,melodic_death_metal,melodicdeathmetal
melodic_hardcore,melodic_hardcore,melodichardcore
melodic_metalcore,melodic_metalcore,melodicmetalcore
metal,heavy_metal_music,heavy-metal
metalcore,metalcore,metalcore
minimal,minimal_music,minimal
modern_classical,contemporary_classical_music,contemporaryclassical
moombahton,moombahton,moombahton
neo_classical_metal,neo-classical_metal,neo-classicalmetal
neo_soul,neo_soul,neo-soul
neo-progressive,neo-progressive_rock,neo-prog
neo-psychedelic,neo-psychedelia,neo-psychedelia
neoclassical,Neoclassicism,neo-classic
neofolk,neofolk,neo-folk
neue_deutsche_welle,Neue_Deutsche_Welle,neuedeutschewelle
new_age,New_Age_music,new-age
new_jack_swing,new_jack_swing,newjackswing
new_wave,new_wave_music,newwave
noise,noise_music,noise
noise_pop,noise_pop,noisepop
noise_rock,noise_rock,noiserock
nu_jazz,Nu_jazz,new-jazz
nu_metal,nu_metal,newmetal
nwobhm,New_Wave_of_British_Heavy_Metal,newwaveofbritishheavymetal
oi,Oi!,oi
opera,opera,opera
operatic_pop,operatic_pop,operaticpop
pagan_black_metal,pagan_metal,pagan
pop,pop_music,pop
pop_punk,pop_punk,pop-punk
pop_rap,pop-rap,pop-rap
pop_rock,pop_rock,pop-rock
post_rock,post-rock,post-rock
post-grunge,post-grunge,post-grunge
post-hardcore,post-hardcore,post-hardcore
post-metal,post-metal,post-metal
post-punk,post-punk,post-punk
power_metal,power_metal,powermetal
power_noise,Power_noise,powernoise
power_pop,power_pop,powerpop
progressive_house,progressive_house_music,progressivehouse
progressive_metal,progressive_metal,progressivemetal
progressive_rock,progressive_rock,prog
progressive_trance,Progressive_Trance,progressivetrance
protopunk,protopunk,proto-punk
psychedelic_rock,psychedelic_rock,psychadelic
psychedelic_trance,psychedelic_trance,psychedelictrance
psychobilly,psychobilly,psychobilly
pub_rock,pub_rock,pubrock
punk,punk_rock,punk
rap,rapping,rap
rap_metal,rap_metal,rap-metal
rap_rock,rap_rock,raprock
reggae,reggae,reggae
reggae_fusion,reggae_fusion,reggae-fusion
reggae_rock,reggae_rock,reggaerock
reggaeton,reggaeton,reggaeton
rock,rock_music,rock
rock_steady,rocksteady,rocksteady
rock-and-roll,rock_and_roll,rock&roll
rockabilly,rockabilly,rockabilly
roots_reggae,Roots_reggae,rootsreggae
roots_rock,roots_rock,rootsrock
salsa,salsa_music,salsa
schlager,Schlager,schlager
screamo,screamo,screamo
shoegaze,shoegazing,shoegaze
show_tunes,show_tune,musical
ska,ska,ska
ska_punk,ska_punk,ska-punk
skate_punk,Skate_punk,skate
sludge_metal,sludge_metal,sludge
smooth_jazz,smooth_jazz,smoothjazz
soft_rock,soft_rock,softrock
soul,soul_music,soul
soul_jazz,soul_jazz,soul-jazz
southern_hip_hop,Southern_hip_hop,southernhip-hop
southern_rock,Southern_rock,southernrock
southern_soul,Southern_soul,southernsoul
space_rock,space_rock,spacerock
speed_metal,speed_metal,speedmetal
stoner_rock,stoner_rock,stonerrock
surf_music,surf_music,surf
swing,swing_music,swing
symphonic_black_metal,symphonic_black_metal,symphonicblackmetal
symphonic_metal,symphonic_metal,symphonic
symphonic_rock,symphonic_rock,symphonicrock
synthpop,synthpop,synth-pop
tango,tango,tango
tech_house,tech_house,techhouse
technical_death_metal,technical_death_metal,technicaldeathmetal
techno,techno,techno
teen_pop,teen_pop,teenpop
thrash_metal,thrash_metal,thrash
trance,trance,trance
trap_music,trap_music,trap
trip_hop,trip_hop,trip-hop
turntablism,turntablism,turntablism
uk_garage,UK_garage,ukgarage
underground_hip_hop,Underground_hip_hop,undergroundhip-hop
viking_metal,Viking_rock,vikingmetal
visual_kei,visual_kei,visual-kei
vocal_jazz,vocal_jazz,vocaljazz
west_coast_rap,West_Coast_hip_hop,westcoasthip-hop
world,world_music,world
